<?xml version="1.0" encoding="UTF-8"?>
<project-private xmlns="http://www.netbeans.org/ns/project-private/1">
    <editor-bookmarks xmlns="http://www.netbeans.org/ns/editor-bookmarks/2" lastBookmarkId="0"/>
    <open-files xmlns="http://www.netbeans.org/ns/projectui-open-files/2">
        <group>
            <file>file:/C:/Users/MANVENDRA/Documents/NetBeansProjects/STUDENT_RESULT_MANAGEMENT_SYSYTEM/src/student_result_management_system/index.java</file>
            <file>file:/C:/Users/MANVENDRA/Documents/NetBeansProjects/STUDENT_RESULT_MANAGEMENT_SYSYTEM/src/student_result_management_system/insertnewresult.java</file>
            <file>file:/C:/Users/MANVENDRA/Documents/NetBeansProjects/STUDENT_RESULT_MANAGEMENT_SYSYTEM/src/student_result_management_system/registeredStudents.java</file>
            <file>file:/C:/Users/MANVENDRA/Documents/NetBeansProjects/STUDENT_RESULT_MANAGEMENT_SYSYTEM/src/student_result_management_system/adminIndex.java</file>
            <file>file:/C:/Users/MANVENDRA/Documents/NetBeansProjects/STUDENT_RESULT_MANAGEMENT_SYSYTEM/src/student_result_management_system/studentIndex.java</file>
            <file>file:/C:/Users/MANVENDRA/Documents/NetBeansProjects/STUDENT_RESULT_MANAGEMENT_SYSYTEM/src/student_result_management_system/adminHome.java</file>
            <file>file:/C:/Users/MANVENDRA/Documents/NetBeansProjects/STUDENT_RESULT_MANAGEMENT_SYSYTEM/src/student_result_management_system/showallresults.java</file>
        </group>
    </open-files>
</project-private>
